시대,급제자수,가문수,평균급제자per가문,상위10%집중도,지니계수,상위5개가문
조선 초기 (1392-1449),890,298,2.9865771812080535,38.98876404494382,0.4895369881607723,"김 미상(未詳)(33), 권 안동(安東)(22), 이 미상(未詳)(21), 박 미상(未詳)(15), 김 경주(慶州)(14)"
조선 전기 (1450-1549),2419,442,5.472850678733032,48.20173625465068,0.605792378960679,"권 안동(安東)(65), 김 광산(光山)(49), 이 광주(廣州)(46), 성 창녕(昌寧)(45), 이 전의(全義)(44)"
조선 중기 (1550-1649),2782,382,7.282722513089006,49.928109273903665,0.6465262852819735,"이 전주(全州)(180), 한 청주(淸州)(68), 권 안동(安東)(68), 윤 파평(坡平)(64), 홍 남양(南陽[唐])(57)"
조선 후기 전반 (1650-1749),3176,362,8.773480662983426,56.17128463476071,0.6924699402980921,"이 전주(全州)(223), 권 안동(安東)(100), 윤 파평(坡平)(90), 박 밀양(密陽)(68), 한 청주(淸州)(64)"
조선 후기 후반 (1750-1849),3628,361,10.049861495844876,58.6824696802646,0.7161833019268417,"이 전주(全州)(277), 홍 남양(南陽[唐])(93), 한 청주(淸州)(89), 이 연안(延安)(87), 윤 파평(坡平)(83)"
조선 말기 (1850-1910),2256,309,7.300970873786408,55.49645390070922,0.6762936376781656,"이 전주(全州)(156), 민 여흥(驪興)(67), 윤 파평(坡平)(66), 김 안동(安東[新])(61), 조 풍양(豊壤)(50)"
